,line_1to2_a_mag,line_1to2_a_ang,line_1to2_b_mag,line_1to2_b_ang,line_1to2_c_mag,line_1to2_c_ang
0,545.4061484233298,-13.762392675481577,545.4061484233301,-133.76239267549343,545.40614842333,106.2376073051635
1,545.4061484233298,-13.762392675481577,545.4061484233301,-133.76239267549343,545.40614842333,106.2376073051635
