,line_1to2_a_mag,line_1to2_a_ang,line_1to2_b_mag,line_1to2_b_ang,line_1to2_c_mag,line_1to2_c_ang,line_2to3_a_mag,line_2to3_a_ang,line_2to3_b_mag,line_2to3_b_ang,line_2to3_c_mag,line_2to3_c_ang,line_2to4_a_mag,line_2to4_a_ang,line_2to4_b_mag,line_2to4_b_ang,line_2to4_c_mag,line_2to4_c_ang
0,307.8851281897164,-6.676286485516058,307.8851281886403,-126.67628648504005,307.88512819151646,113.3237134955231,102.82521365773765,-6.765401516298186,102.82521365734642,-126.76540151577548,102.82521365839723,113.23459846477664,102.82521365773765,-6.765401516298186,102.82521365734642,-126.76540151577548,102.82521365839723,113.23459846477664
1,307.8851281897164,-6.676286485516058,307.8851281886403,-126.67628648504005,307.88512819151646,113.3237134955231,102.82521365773765,-6.765401516298186,102.82521365734642,-126.76540151577548,102.82521365839723,113.23459846477664,102.82521365773765,-6.765401516298186,102.82521365734642,-126.76540151577548,102.82521365839723,113.23459846477664
