,bus_1_a_mag,bus_1_a_ang,bus_1_b_mag,bus_1_b_ang,bus_1_c_mag,bus_1_c_ang,bus_2_a_mag,bus_2_a_ang,bus_2_b_mag,bus_2_b_ang,bus_2_c_mag,bus_2_c_ang
0,0.9999790395010008,-0.004802972183057868,0.999979039501003,-120.00480297219484,0.999979039501003,119.995197008462,0.9423737481886619,-0.004803318799501437,0.9423737482068296,-120.00480331824956,0.942373748188651,119.99519666297269
1,0.9999790395010008,-0.004802972183057868,0.999979039501003,-120.00480297219484,0.999979039501003,119.995197008462,0.9423737481886619,-0.004803318799501437,0.9423737482068296,-120.00480331824956,0.942373748188651,119.99519666297269
2,0.9999790395010008,-0.004802972183057868,0.999979039501003,-120.00480297219484,0.999979039501003,119.995197008462,0.9423737481886619,-0.004803318799501437,0.9423737482068296,-120.00480331824956,0.942373748188651,119.99519666297269
3,0.9999790395010008,-0.004802972183057868,0.999979039501003,-120.00480297219484,0.999979039501003,119.995197008462,0.9423737481886619,-0.004803318799501437,0.9423737482068296,-120.00480331824956,0.942373748188651,119.99519666297269
4,0.9999790395010008,-0.004802972183057868,0.999979039501003,-120.00480297219484,0.999979039501003,119.995197008462,0.9423737481886619,-0.004803318799501437,0.9423737482068297,-120.00480331824959,0.942373748188651,119.99519666297269
