,bus_1_a_mag,bus_1_a_ang,bus_1_b_mag,bus_1_b_ang,bus_1_c_mag,bus_1_c_ang,bus_2_a_mag,bus_2_a_ang,bus_2_b_mag,bus_2_b_ang,bus_2_c_mag,bus_2_c_ang
0,0.9999961846462917,-0.0004146277242217625,0.9999961846462921,-120.00041462773609,0.9999961846462918,119.99958535292082,0.9349027332792496,-2.4525873161656997,0.9349027332792498,-122.45258731617758,0.9349027332792496,117.54741266447932
1,0.9999961846462917,-0.0004146277242217625,0.9999961846462921,-120.00041462773609,0.9999961846462918,119.99958535292082,0.9349027332792496,-2.4525873161656997,0.9349027332792498,-122.45258731617758,0.9349027332792496,117.54741266447932
