,bus_1_a_mag,bus_1_a_ang,bus_1_b_mag,bus_1_b_ang,bus_1_c_mag,bus_1_c_ang,bus_2_a_mag,bus_2_a_ang,bus_2_b_mag,bus_2_b_ang,bus_2_c_mag,bus_2_c_ang,bus_3_a_mag,bus_3_a_ang,bus_3_b_mag,bus_3_b_ang,bus_3_c_mag,bus_3_c_ang,bus_4_a_mag,bus_4_a_ang,bus_4_b_mag,bus_4_b_ang,bus_4_c_mag,bus_4_c_ang
0,0.9999983666198474,-0.00024748634189287186,0.9999983666198476,-120.00024748635376,0.9999983666198473,119.99975249430315,0.9830115025894024,-0.7871430945007255,0.983011502592209,-120.78714309411653,0.9830115025847452,119.21285688646647,0.9773734241600963,-1.0555048120789503,0.9773734241638068,-121.05550481155865,0.9773734241538519,118.9444951689964,0.9773734241600963,-1.0555048120789503,0.9773734241638068,-121.05550481155865,0.9773734241538519,118.9444951689964
1,0.9999983666198474,-0.00024748634189287186,0.9999983666198476,-120.00024748635376,0.9999983666198473,119.99975249430315,0.9830115025894024,-0.7871430945007255,0.983011502592209,-120.78714309411653,0.9830115025847452,119.21285688646647,0.9773734241600963,-1.0555048120789503,0.9773734241638068,-121.05550481155865,0.9773734241538519,118.9444951689964,0.9773734241600963,-1.0555048120789503,0.9773734241638068,-121.05550481155865,0.9773734241538519,118.9444951689964
