index,feeder_name,high_node,low_node,high_V,low_V,actual_high_V,actual_low_V,num_high_nodes,P_per_hi,Q_per_hi,num_low_nodes,P_per_lo,Q_per_lo,hunting_achieved
0,123,Bus_48,Bus_83,1.1,0.6499999999999998,1.0672218133049698,0.9371946296141308,8,-929.111979848385,-449.69019824661837,16,638.764486145765,309.16201129455015,
1,123,Bus_48,Bus_83,1.2,0.8,1.0829430159395417,0.9946329394651704,13,-787.2412965832051,-381.0247875462712,21,240.61450287417716,116.45741939110174,
2,123,Bus_48,Bus_83,1.25,1.0,1.2042115377413076,1.0641124721541824,12,-1090.284466148615,-527.6976816159297,20,0.0,0.0,
3,123,Bus_48,Bus_83,1.2000000000000002,0.9,1.1787256367325434,1.0271137130541859,11,-1050.4246039453335,-508.40550830954146,19,150.75538297363565,72.96560535923966,
