index,feeder_name,high_node,low_node,high_V,low_V,actual_high_V,actual_low_V,num_high_nodes,P_per_hi,Q_per_hi,num_low_nodes,P_per_lo,Q_per_lo,hunting_achieved
1,123,Bus_4,Bus_114,1.4500000000000004,0.5499999999999996,1.1548863312294637,0.8272405046959143,4,-4337.244518222441,-2099.2263468196616,23,108.40922421577301,52.470064520434136,yes
